あ,hisashi.iwamoto@petabit.co.jp,あ,sutudent,M,on
あ,hisashi.iwamoto@petabit.co.jp,あ,sutudent,M,on
あ,hisashi.iwamoto@petabit.co.jp,あ,sutudent,M,on
あ,hisashi.iwamoto@petabit.co.jp,あ,sutudent,M,on
あ,hisashi.iwamoto@petabit.co.jp,あ,sutudent,M,on
あああああああああああああああああああああああああああああああああああああああ,hisashi.iwamoto@petabit.co.jp,あ,sutudent,M,on
あああああああああああああああああああああああああああああああああああああああ,hisashi.iwamoto@petabit.co.jp,あ,sutudent,M,on
あああああああああああああああああああああああああああああああああああああああ,hisashi.iwamoto@petabit.co.jp,あ,sutudent,M,on
あああああああああああ,hisashi.iwamoto@petabit.co.jp,あ,sutudent,M,on
あああああああああああ,hisashi.iwamoto@petabit.co.jp,あ,sutudent,M,on
あああああああああああ,hisashi.iwamoto@petabit.co.jp,あ,sutudent,M,on
あああああああああ,hisashi.iwamoto@petabit.co.jp,あ,sutudent,M,on
あああああああああ,hisashi.iwamoto@petabit.co.jp,あ,sutudent,M,on
あああああああああ,hisashi.iwamoto@petabit.co.jp,あ,sutudent,M,on
あああああああああ,hisashi.iwamoto@petabit.co.jp,あ,sutudent,M,on
あああああああああ,hisashi.iwamoto@petabit.co.jp,あ,sutudent,M,on
あああああああああ,hisashi.iwamoto@petabit.co.jp,あ,sutudent,M,on
あああああああああ,hisashi.iwamoto@petabit.co.jp,あ,sutudent,M,on
あああああああああ,hisashi.iwamoto@petabit.co.jp,あ,sutudent,M,on
あああああああああ,hisashi.iwamoto@petabit.co.jp,あ,sutudent,M,on
あああああああああ,hisashi.iwamoto@petabit.co.jp,あ,sutudent,M,on
岩本,hisashi.iwamoto@petabit.co.jp,ｆｊ；あｓｄｊふぁ；ｌｓｄｋｊｆ；ぁｓｄｋ,sutudent,M,on
岩本,hisashi.iwamoto@petabit.co.jp,ｆｊ；あｓｄｊふぁ；ｌｓｄｋｊｆ；ぁｓｄｋ,sutudent,M,on
,hisashi.iwamoto@petabit.co.jp,ｆｊ；あｓｄｊふぁ；ｌｓｄｋｊｆ；ぁｓｄｋ,sutudent,M,on
,hisashi.iwamoto@petabit.co.jp,ｆｊ；あｓｄｊふぁ；ｌｓｄｋｊｆ；ぁｓｄｋ,sutudent,M,on
あ,hisashi.iwamoto@petabit.co.jp,ｆｊ；あｓｄｊふぁ；ｌｓｄｋｊｆ；ぁｓｄｋ,sutudent,M,on
あ,hisashi.iwamoto@petabit.co.jp,ｆｊ；あｓｄｊふぁ；ｌｓｄｋｊｆ；ぁｓｄｋ,sutudent,M,on
,,,,,
あ,あ,あ,worker,M,on
あ,あ,あ,worker,M,on
,,,,,
,,,,,
あ,あ,あ,worker,M,on
あ,あ,あ,worker,M,on
あ,あ,あ,worker,M,on
,,,,,
あ,あ,あ,worker,M,on
あ,あ,あ,worker,M,on
あ,あ,あ,worker,M,on
あ,あ,あ,worker,M,on
あ,あ,あ,worker,M,on
,,,,,
あ,あ,あ,worker,M,on
あ,あ,あ,worker,M,on
あ,あ,あ,worker,M,on
あ,あ,あ,worker,M,on
あ,,,,,
あ,,,,,
あ,,,,,
あ,あ,あ,sutudent,M,on
あ,あ,あ,sutudent,M,on
あ,あ,あ,sutudent,M,on
あ,あ,あ,sutudent,M,on
あ,あ,あ,sutudent,M,on
あ,あ,あ,sutudent,M,on
あ,あ,あ,sutudent,M,on
あ,あ,あ,sutudent,M,on
あ,あ,あ,sutudent,M,on
あ,あ,あ,sutudent,M,on
あ,あ,あ,sutudent,M,on
あ,あ,あ,,M,on
あ,あ,あ,sutudent,M,on
あ,あ,あ,sutudent,M,on
あ,あ,,sutudent,M,on
あ,あ,,sutudent,M,on
,あ,,sutudent,M,on
,あ,,sutudent,M,on
あ,hisashi.iwamoto@petabit.co.jp,ｆｊ；あｓｄｊふぁ；ｌｓｄｋｊｆ；ぁｓｄｋ,sutudent,M,on
あ,hisashi.iwamoto@petabit.co.jp,ｆｊ；あｓｄｊふぁ；ｌｓｄｋｊｆ；ぁｓｄｋ,sutudent,M,on
,hisashi.iwamoto@petabit.co.jp,ｆｊ；あｓｄｊふぁ；ｌｓｄｋｊｆ；ぁｓｄｋ,sutudent,M,on
,hisashi.iwamoto@petabit.co.jp,ｆｊ；あｓｄｊふぁ；ｌｓｄｋｊｆ；ぁｓｄｋ,sutudent,M,on
,hisashi.iwamoto@petabit.co.jp,ｆｊ；あｓｄｊふぁ；ｌｓｄｋｊｆ；ぁｓｄｋ,sutudent,M,on
,hisashi.iwamoto@petabit.co.jp,ｆｊ；あｓｄｊふぁ；ｌｓｄｋｊｆ；ぁｓｄｋ,sutudent,M,on
,hisashi.iwamoto@petabit.co.jp,ｆｊ；あｓｄｊふぁ；ｌｓｄｋｊｆ；ぁｓｄｋ,sutudent,M,on
あ,hisashi.iwamoto@petabit.co.jp,ｆｊ；あｓｄｊふぁ；ｌｓｄｋｊｆ；ぁｓｄｋ,sutudent,M,on
あ,hisashi.iwamoto@petabit.co.jp,ｆｊ；あｓｄｊふぁ；ｌｓｄｋｊｆ；ぁｓｄｋ,sutudent,M,on
あ,hisashi.iwamoto@petabit.co.jp,ｆｊ；あｓｄｊふぁ；ｌｓｄｋｊｆ；ぁｓｄｋ,sutudent,M,on
あ,hisashi.iwamoto@petabit.co.jp,ｆｊ；あｓｄｊふぁ；ｌｓｄｋｊｆ；ぁｓｄｋ,sutudent,M,on
あ,hisashi.iwamoto@petabit.co.jp,ｆｊ；あｓｄｊふぁ；ｌｓｄｋｊｆ；ぁｓｄｋ,sutudent,M,on
,hisashi.iwamoto@petabit.co.jp,ｆｊ；あｓｄｊふぁ；ｌｓｄｋｊｆ；ぁｓｄｋ,sutudent,M,on
,hisashi.iwamoto@petabit.co.jp,ｆｊ；あｓｄｊふぁ；ｌｓｄｋｊｆ；ぁｓｄｋ,sutudent,M,on
あ,hisashi.iwamoto@petabit.co.jp,ｆｊ；あｓｄｊふぁ；ｌｓｄｋｊｆ；ぁｓｄｋ,sutudent,M,on
あ,hisashi.iwamoto@petabit.co.jp,ｆｊ；あｓｄｊふぁ；ｌｓｄｋｊｆ；ぁｓｄｋ,sutudent,M,on
あ,hisashi.iwamoto@petabit.co.jp,ｆｊ；あｓｄｊふぁ；ｌｓｄｋｊｆ；ぁｓｄｋ,sutudent,M,on
あ,hisashi.iwamoto@petabit.co.jp,ｆｊ；あｓｄｊふぁ；ｌｓｄｋｊｆ；ぁｓｄｋ,sutudent,M,on
あ,hisashi.iwamoto@petabit.co.jp,ｆｊ；あｓｄｊふぁ；ｌｓｄｋｊｆ；ぁｓｄｋ,sutudent,M,on
あ,hisashi.iwamoto@petabit.co.jp,ｆｊ；あｓｄｊふぁ；ｌｓｄｋｊｆ；ぁｓｄｋ,sutudent,M,on
あ,hisashi.iwamoto@petabit.co.jp,ｆｊ；あｓｄｊふぁ；ｌｓｄｋｊｆ；ぁｓｄｋ,sutudent,M,on
あ,hisashi.iwamoto@petabit.co.jp,ｆｊ；あｓｄｊふぁ；ｌｓｄｋｊｆ；ぁｓｄｋ,sutudent,M,on
あ,hisashi.iwamoto@petabit.co.jp,ｆｊ；あｓｄｊふぁ；ｌｓｄｋｊｆ；ぁｓｄｋ,sutudent,M,on
あ,hisashi.iwamoto@petabit.co.jp,ｆｊ；あｓｄｊふぁ；ｌｓｄｋｊｆ；ぁｓｄｋ,,M,on
あ,hisashi.iwamoto@petabit.co.jp,ｆｊ；あｓｄｊふぁ；ｌｓｄｋｊｆ；ぁｓｄｋ,,M,
,hisashi.iwamoto@petabit.co.jp,ｆｊ；あｓｄｊふぁ；ｌｓｄｋｊｆ；ぁｓｄｋ,,M,
,,,,,
,,,,,
,,,,,
あ,あ,あ,worker,M,on
あ,あ,あ,,M,on
あ,あ,あ,,M,on
あ,あ,あ,,M,on
あ,あ,あ,,M,on
あ,あ,あ,,M,on
あ,あ,あ,sutudent,M,on
あ,あ,あ,sutudent,M,on
あああああああああ,hisashi.iwamoto@petabit.co.jp,,sutudent,M,on
あああああああああ,hisashi.iwamoto@petabit.co.jp,ああああ,sutudent,M,on
あああああああああ,hisashi.iwamoto@petabit.co.jp,,sutudent,M,on
,hisashi.iwamoto@petabit.co.jp,あ,sutudent,M,on
,hisashi.iwamoto@petabit.co.jp,あ,sutudent,M,on
,,,,,
あ,,,,,
あ,,,,,
あ,,,,,
あ,,,,,
あ,,,worker,M,on
あ,hisashi.iwamoto@petabit.co.jp,,worker,M,on
あ,hisashi.iwamoto@petabit.co.jp,,worker,M,on
あ,hisashi.iwamoto@petabit.co.jp,,worker,M,on
あ,hisashi.iwamoto@petabit.co.jp,,worker,M,on
あ,hisashi.iwamoto@petabit.co.jp,,worker,M,on
あ,hisashi.iwamoto@petabit.co.jp,,worker,M,on
,,,,,
あ,,,,,
あ,,,,,
,,,,,
,,,,,
,,,,,
,,,,,
,,,,,
,,,,,
,,,,,
名前,hisashi.iwamoto@petabit.co.jp,,,,on
名前,hisashi.iwamoto@petabit.co.jp,,,,on
名前,hisashi.iwamoto@petabit.co.jp,,,,on
名前,hisashi.iwamoto@petabit.co.jp,,,,on
名前,hisashi.iwamoto@petabit.co.jp,,,,on
名前,hisashi.iwamoto@petabit.co.jp,,,,on
名前,hisashi.iwamoto@petabit.co.jp,,,,on
名前,hisashi.iwamoto@petabit.co.jp,,,,on
名前,hisashi.iwamoto@petabit.co.jp,,,,on
名前,hisashi.iwamoto@petabit.co.jp,,,,on
名前,hisashi.iwamoto@petabit.co.jp,,,,on
名前,hisashi.iwamoto@petabit.co.jp,,,,on
名前,hisashi.iwamoto@petabit.co.jp,,,,on
名前,hisashi.iwamoto@petabit.co.jp,,,,on
名前,hisashi.iwamoto@petabit.co.jp,,,,on
名前,hisashi.iwamoto@petabit.co.jp,,,,on
名前,hisashi.iwamoto@petabit.co.jp,,,,on
iwmaoto,hisashi.iwamoto@petabit.co.jp,"fjkd;flsjad;l
",sutudent,M,on
iwmaoto,hisashi.iwamoto@petabit.co.jp,"fjkd;flsjad;l
",sutudent,M,on
iwmaoto,hisashi.iwamoto@petabit.co.jp,"fjkd;flsjad;l
",sutudent,M,on
iwmaoto,hisashi.iwamoto@petabit.co.jp,"fjkd;flsjad;l
",sutudent,M,on
,hisashi.iwamoto@petabit.co.jp,"fjkd;flsjad;l
",sutudent,M,on
iwmaoto,hisashi.iwamoto@petabit.co.jp,"fjkd;flsjad;l
",sutudent,M,on
iwmaoto,hisashi.iwamoto@petabit.co.jp,"fjkd;flsjad;l
",sutudent,M,on
,hisashi.iwamoto@petabit.co.jp,"fjkd;flsjad;l
",sutudent,M,on
,hisashi.iwamoto@petabit.co.jp,"fjkd;flsjad;l
",sutudent,M,on
,hisashi.iwamoto@petabit.co.jp,"fjkd;flsjad;l
",sutudent,M,on
,hisashi.iwamoto@petabit.co.jp,"fjkd;flsjad;l
",sutudent,M,on
,hisashi.iwamoto@petabit.co.jp,"fjkd;flsjad;l
",sutudent,M,on
,hisashi.iwamoto@petabit.co.jp,"fjkd;flsjad;l
",sutudent,M,on
,hisashi.iwamoto@petabit.co.jp,"fjkd;flsjad;l
",sutudent,M,on
,hisashi.iwamoto@petabit.co.jp,"fjkd;flsjad;l
",sutudent,M,on
iwmaoto,hisashi.iwamoto@petabit.co.jp,"fjkd;flsjad;l
",sutudent,M,on
,hisashi.iwamoto@petabit.co.jp,"fjkd;flsjad;l
",sutudent,M,on
,hisashi.iwamoto@petabit.co.jp,"fjkd;flsjad;l
",sutudent,M,on
,hisashi.iwamoto@petabit.co.jp,"fjkd;flsjad;l
",sutudent,M,on
,hisashi.iwamoto@petabit.co.jp,"fjkd;flsjad;l
",sutudent,M,on
,hisashi.iwamoto@petabit.co.jp,"fjkd;flsjad;l
",sutudent,M,on
,hisashi.iwamoto@petabit.co.jp,"fjkd;flsjad;l
",sutudent,M,on
,hisashi.iwamoto@petabit.co.jp,"fjkd;flsjad;l
",sutudent,M,on
,hisashi.iwamoto@petabit.co.jp,"fjkd;flsjad;l
",sutudent,M,on
,hisashi.iwamoto@petabit.co.jp,"fjkd;flsjad;l
",sutudent,M,on
,hisashi.iwamoto@petabit.co.jp,"fjkd;flsjad;l
",sutudent,M,on
,hisashi.iwamoto@petabit.co.jp,"fjkd;flsjad;l
",sutudent,M,on
,hisashi.iwamoto@petabit.co.jp,"fjkd;flsjad;l
",sutudent,M,on
,,"fjkd;flsjad;l
",sutudent,M,on
,,"fjkd;flsjad;l
",sutudent,M,on
,,"fjkd;flsjad;l
",sutudent,M,on
,,,,,
,,,,,
,,,,,
,,,,,
,,,,,
,,,,,
,,,,,
,,,,,
,,,,,
,,,,,
,,,,,
,,,,,
,,,,,
,,,,,
,,,,,
,,,,,
,,,,,
,,,,,
あ,hisashi.iwamoto@petabit.co.jp,"
",sutudent,,
あ,hisashi.iwamoto@petabit.co.jp,"
",sutudent,,
あ,hisashi.iwamoto@petabit.co.jp,,sutudent,,
あ,hisashi.iwamoto@petabit.co.jp,,sutudent,,
あ,hisashi.iwamoto@petabit.co.jp,,sutudent,,
あ,hisashi.iwamoto@petabit.co.jp,,sutudent,,
あ,hisashi.iwamoto@petabit.co.jp,,sutudent,,
あ,hisashi.iwamoto@petabit.co.jp,,sutudent,,
あ,hisashi.iwamoto@petabit.co.jp,,sutudent,,
あ,hisashi.iwamoto@petabit.co.jp,,sutudent,,
あ,hisashi.iwamoto@petabit.co.jp,aaaa,sutudent,,
あ,hisashi.iwamoto@petabit.co.jp,aaaa,sutudent,,
あ,hisashi.iwamoto@petabit.co.jp,aaaa,sutudent,,
,,,,,
,,,,,
,,,,,
,,,,,
,,,,,
,,,,,
,,,,,
,,,,,
,,,,,
,,,,,
,,,,,
,,,,,
a,,,,,
a,,,,,
a,,,,,
a,,,,,
,,,,,
,,,,,
a,hisashi.iwamoto@petabit.co.jp,ｊふぁ；ｌｓｄｋｊｆ；あｌｄｓｋ,sutudent,M,on
a,hisashi.iwamoto@petabit.co.jp,ｊふぁ；ｌｓｄｋｊｆ；あｌｄｓｋ,sutudent,M,on
a,hisashi.iwamoto@petabit.co.jp,ｊふぁ；ｌｓｄｋｊｆ；あｌｄｓｋ,sutudent,M,on
a,hisashi.iwamoto@petabit.co.jp,ｊふぁ；ｌｓｄｋｊｆ；あｌｄｓｋ,,M,on
